Timestamp,Filename,Analysis,User Type
2025-10-17 16:58:46,Screenshot 2025-10-17 at 2.29.31 PM.png,"The light you're seeing on your dashboard is the yellow glow plug warning light. Hereâ€™s what it indicates:

### Meaning:
- **Glow Plug Indicator**: This light is typically found in diesel vehicles and",Free
2025-10-21 21:21:25,Screenshot 2025-10-21 at 10.20.23 PM.png,"ðŸš— **Detected Vehicle:** Volkswagen Passat Variant 2015-2020 (high confidence)

This is a Volkswagen Passat Variant, produced between 2015 and 2020. It's a stylish estate car known for its spacious int",Free
2025-10-22 08:14:05,Screenshot 2025-10-21 at 10.20.23 PM.png,"ðŸš— **Detected Vehicle:** Volkswagen Passat Variant 2015-2019 (high confidence)

To check the MOT status of a vehicle in the UK, you can visit the official government website and enter the vehicle's reg",Free
2025-10-27 14:55:21,Screenshot 2025-10-21 at 10.20.23 PM.png,"ðŸš— **Detected Vehicle:** Volkswagen Passat Variant 2015-2019 (high confidence)

The vehicle in the image is a Volkswagen Passat Variant, produced between 2015 and 2019. Hereâ€™s a brief overview:

### Ge",Free
2025-10-27 14:56:07,Screenshot 2025-10-21 at 10.20.23 PM.png,"ðŸš— **Detected Vehicle:** Volkswagen Passat Variant 2015-2020 (high confidence)

The Volkswagen Passat Variant (2015-2020) is a well-regarded estate car known for its spacious interior, comfort, and str",Free
